"Status","Name","Duration in ms","Description"
"failed","testcase.C:\Users\Administrator\PycharmProjects\pytest\testcase\user.test_sys_zhuce.Test_Login.test_zhuce","151",""
"passed","testcase.C:\Users\Administrator\PycharmProjects\pytest\testcase\sys.test_sys_login.Test_Login.test_login","45",""
"passed","testcase.C:\Users\Administrator\PycharmProjects\pytest\testcase\sys.test_sys_login.Test_Login.test_login_fail2","29",""
"passed","testcase.C:\Users\Administrator\PycharmProjects\pytest\testcase\sys.test_sys_changePwd.Test_changePwd.test_changePwd","171",""
"failed","testcase.C:\Users\Administrator\PycharmProjects\pytest\testcase\sys.test_sys_login.Test_Login.test_login_fail","103",""
"failed","testcase.C:\Users\Administrator\PycharmProjects\pytest\testcase\sys.test_sys_login.Test_Login.test_login_fail1","59",""
"passed","testcase.C:\Users\Administrator\PycharmProjects\pytest\testcase\sys.test_sys_getUserInfo.Test_getUserInfo.test_getUserInfo","80",""
"passed","testcase.C:\Users\Administrator\PycharmProjects\pytest\testcase\sys.test_sys_changePwd.Test_changePwd.test_changePwd1","168",""
"passed","testcase.C:\Users\Administrator\PycharmProjects\pytest\testcase\sys.test_sys_login.Test_Login.test_login_fail4","68",""
"failed","testcase.C:\Users\Administrator\PycharmProjects\pytest\testcase\sys.test_sys_login.Test_Login.test_login_fail3","41",""
